error_code,count,lines,processes,equipment,sample_message
4007,74,Line1 ; Line2 ; Line20 ; Line3 ; Line4 ; Line5 ; Line6,Aging ; Cell Packing ; Charge ; Degassing ; Formation ; IR ; IR/OCV ; Inspection ; OCV ; PPC ; Packing ; SVI ; VI,IR/OCV ; PLC ; PPC ; Pallet ; Rack ; SVI ; Tray,"[SKBA1] MES issue request 님과 카카오톡 대화 저장한 날짜 : 2023-11-14 22:47:53  --------------- 2023년 1월 30일 월요일 --------------- [samkoo/KO/KTL] [오전 2:49] @SKBA.MES.OP Z928375 2L Z928689 2L  V111901 3L Box id 누락되었습니다 정보 보정부탁드립니다 [SKBA.MES.OP] [오전 2:50] 네 운영자님께 전달 드리겠습니다. [samkoo/KO/KTL] [오전 4:29] @SKBA.MES.OP V111900 4L, Z928827 4L Box id 누락되었습니다 정보 보정부탁드립니다 [SKBA.MES.OP] [오전 4:30] 네 전달 드리겠습니다 [SK C&C/강동우/MES] [오전 9:23] Z928475 Z928689 V111901 V111900 Z928827 박스 아이디 보정 했습니다  [SK C&C/채 성민/MES] [오후 2:"
999,37,,Cell Packing ; Degassing ; PPC ; Packing,PPC ; Tray,w/o 43502117  “Network error code:999” 정의되지 않은 네트워크 오류( Order 43501270 was already created for this notification)  @Maint/Eng'r/HS Park
9999,31,Line1 ; Line10 ; Line11 ; Line12 ; Line2 ; Line2-3 ; Line3 ; Line3-1 ; Line4 ; Line5 ; Line6 ; Line8 ; Line9,Aging ; Charge ; Degassing ; Discharge ; Formation ; IR ; IR OCV ; Inspection ; OCV ; PPC ; Packing ; SVI ; VI,Barcode ; Cable ; Clip ; Conveyor ; PPC ; Pallet ; Rack ; SVI ; Sensor ; Tray,<Maintenance Request> 1. Phenomenon: irocv 3 trays keep coming out and getting stuck at bcr reading 9999 error 2. Time occurred: 12:07 3. Line & location: irocv3.
4004,14,Line1 ; Line3 ; Line5,,Tray,A15236 Tray 경우 정상투입 확인했습니다 혹시 MES4004 발생 원인알수있을까요?
2502,11,Line1 ; Line20 ; Line3 ; Line5 ; Line6,Aging ; Cell Packing ; Charge ; Degassing ; Formation ; IR ; IR/OCV ; Inspection ; OCV ; PPC ; Packing ; SVI ; VI,IR/OCV ; Jig ; PLC ; PPC ; Pallet ; Rack ; SVI ; Tray,디게싱 1라인 언로더에서 2502 알람 발생하여 해당 트레이는 따로 현장에 보관하고 있습니다. 디게싱 데이터 복구 가능 할까요?  트레이 아이디:  A51357 실물 36셀 들어있습니다
4003,10,Line1 ; Line10 ; Line12 ; Line2 ; Line20 ; Line3 ; Line5 ; Line6 ; Line7 ; Line8,Aging ; Cell Packing ; Charge ; Degassing ; Formation ; IR ; IR/OCV ; Inspection ; OCV ; PPC ; Packing ; SVI ; VI,IR/OCV ; Jig ; PLC ; PPC ; Pallet ; Rack ; SVI ; Sensor ; Tray,"[SKBA1] MES issue request 님과 카카오톡 대화 저장한 날짜 : 2023-11-14 22:47:53  --------------- 2023년 1월 30일 월요일 --------------- [samkoo/KO/KTL] [오전 2:49] @SKBA.MES.OP Z928375 2L Z928689 2L  V111901 3L Box id 누락되었습니다 정보 보정부탁드립니다 [SKBA.MES.OP] [오전 2:50] 네 운영자님께 전달 드리겠습니다. [samkoo/KO/KTL] [오전 4:29] @SKBA.MES.OP V111900 4L, Z928827 4L Box id 누락되었습니다 정보 보정부탁드립니다 [SKBA.MES.OP] [오전 4:30] 네 전달 드리겠습니다 [SK C&C/강동우/MES] [오전 9:23] Z928475 Z928689 V111901 V111900 Z928827 박스 아이디 보정 했습니다  [SK C&C/채 성민/MES] [오후 2:"
0027,9,Line10 ; Line12 ; Line7 ; Line8,Aging ; Degassing ; Formation ; IR ; Inspection ; PPC ; Packing ; SVI ; VI,Jig ; PPC ; Rack ; SVI ; Sensor ; Stacker ; Tray,"No problem. But i check the log, abd i find S94654 Tray is occured 0027 error. The reason was that the process of the tray was Aging #3, not Folding, so an error occurred."
4553,9,Line10 ; Line11 ; Line12 ; Line7 ; Line8 ; Line9,Aging ; Cell Packing ; Degassing ; Formation ; IR ; IR/OCV ; Inspection ; OCV ; Packing ; SVI ; VI,Barcode ; Cable ; IR/OCV ; PLC ; Pallet ; Rack ; SVI ; Sensor ; Tray,MES code 4553 there are 9 cell in pallet HG27A05 put no data attached to the cells
3500,8,Line1,Formation ; Inspection ; PPC,Barcode ; PPC ; Sensor ; Tray,"We had 3500 error code on INS Line 1 while running both R123, R124 types together. Both types are allowed for mix."
0014,8,Line1 ; Line10 ; Line2 ; Line20 ; Line3 ; Line32 ; Line4 ; Line5 ; Line6,Aging ; Cell Packing ; Charge ; Degassing ; Formation ; IR ; IR/OCV ; Inspection ; OCV ; PPC ; Packing ; SVI ; VI,Cable ; IR/OCV ; Jig ; PLC ; PPC ; Pallet ; Rack ; SVI ; Tray,"[SKBA1] MES issue request 님과 카카오톡 대화 저장한 날짜 : 2023-11-14 22:47:53  --------------- 2023년 1월 30일 월요일 --------------- [samkoo/KO/KTL] [오전 2:49] @SKBA.MES.OP Z928375 2L Z928689 2L  V111901 3L Box id 누락되었습니다 정보 보정부탁드립니다 [SKBA.MES.OP] [오전 2:50] 네 운영자님께 전달 드리겠습니다. [samkoo/KO/KTL] [오전 4:29] @SKBA.MES.OP V111900 4L, Z928827 4L Box id 누락되었습니다 정보 보정부탁드립니다 [SKBA.MES.OP] [오전 4:30] 네 전달 드리겠습니다 [SK C&C/강동우/MES] [오전 9:23] Z928475 Z928689 V111901 V111900 Z928827 박스 아이디 보정 했습니다  [SK C&C/채 성민/MES] [오후 2:"
3018,8,Line3,Charge ; Discharge ; IR ; IR/OCV ; OCV ; VI,IR/OCV ; Tray,@A/Ishmael/Logistics  Line 3 Tray s03767 Code 4007: missing ir/ocv data missing.  Troubleshooting: 8393  Line 3 Tray s20950 Code: 3018 data not registered normally  Troubleshooting 8393
0026,7,Line10 ; Line11 ; Line12 ; Line7 ; Line8 ; Line9,Aging ; Charge ; Discharge ; Formation ; IR ; IR/OCV ; Inspection ; OCV ; PPC ; Packing ; SVI ; VI,IR/OCV ; Jig ; PPC ; Pallet ; SVI ; Tray,Is it error code 0026?
I2404,6,,VI,,"세대의 pc 중 첫번째 pc에서는 I2404 에러, 두번째 pc에서는 Value cannot be null. Parameter name: source 라고 에러 출력됩니다, 두번째 컴퓨터는 MES 로그인은 되는상태입니다. 탭 기능 정상인지 확인해보겠습니다."
0016,6,Line10 ; Line11 ; Line12 ; Line7 ; Line8 ; Line9,Aging ; Degassing ; Formation ; IR ; Inspection ; Packing ; SVI ; VI,PLC ; Pallet ; Rack ; SVI ; Tray,"When I checked a few cells where 0016 Error occurs, it seems to occur only in 2 lanes"
3007,5,,Inspection,Rack ; Tray,@갑진/CS/서기원  FCH ROOM BCR Err  MES CODE: 3007 (The tray returned as returncode=2 for the recipe down command given by MES. Please check with the equipment for the reason for the failure to download the recipe.)  설비 확인부탁드립니다.
5501,5,Line1,Charge ; Discharge ; Formation ; SVI ; VI,PLC ; SVI,"####Formation <Maintenance BM> ▪︎Date : 9/10/2025 ▪︎Line : 1L ▪︎Process : SVI ▪︎Unit : PC ▪︎Start Time : 15:00 ▪︎End Time: 16:30 ▪︎Issue : CIM->PLC check fail error ▪︎Cause : Unknown ▪︎Troubleshooting:  ✅ Due to a CIM → PLC alive check fail error ✔️Windows rebooted twice ✔️PC power off/on once       → 1st error resolved ✅ During operation afterwards, MES error code: 5501 occurred. ✔️Most cells were discharged as NG            (checked with Process ENG) ✔️ 15:00–16:00: 1st resolution completed ✔️"
100,4,,,,"100,68  Mes 100.6 100,58  Mes 100.4 100,12  Mes 100.51 101.08  Mes 100.51 100,60  Mes 100.49"
0003,3,Line1 ; Line20 ; Line3 ; Line5 ; Line6 ; Line7 ; Line8,Aging ; Cell Packing ; Charge ; Degassing ; Formation ; IR ; IR/OCV ; Inspection ; OCV ; PPC ; Packing ; SVI ; VI,IR/OCV ; PLC ; PPC ; Pallet ; Rack ; SVI ; Sensor ; Tray,안녕하세요 Track 4243 상단 BCR 점검부탁드립니다 요즘 MES 0003(Mes Ecs 적재정보상이 할경우 발생)으로 확인시 상단 BCR 미 인식으로 발생되고있습니다 확인부탁드립니다
01400,3,Line1,IR ; VI,,G5CPS045D30005 해당 파레트 삭제시  ORA-01400 에러 발생합니다
6002,3,,PPC,PPC,"Log Analysis page, shows MES code 6002, “[HSMS] T3 timeout alarm in S6F11”"
E1330,3,Line1 ; Line20 ; Line3 ; Line5 ; Line6,Aging ; Cell Packing ; Charge ; Degassing ; Formation ; IR ; IR/OCV ; Inspection ; OCV ; PPC ; Packing ; SVI ; VI,IR/OCV ; PLC ; PPC ; Pallet ; Rack ; SVI ; Tray,"What do you mean by equipment code? When I try to scrap cells through ""cell scrap in tray"" the error code E1330 pops up"
0021,3,Line1 ; Line10 ; Line2 ; Line3 ; Line32 ; Line4 ; Line5,Aging ; Cell Packing ; Degassing ; Formation ; IR ; IR/OCV ; Inspection ; OCV ; PPC ; Packing ; SVI ; VI,Cable ; IR/OCV ; Jig ; PLC ; PPC ; Pallet ; Rack ; SVI ; Tray,"@SKBA.MES.AE   Hello MES team, We are trying to run R124 type with regular type from EOL line(tray ID A55520). But it gives 0021 error code.  Could you please check ?"
0007,3,Line1 ; Line11 ; Line20 ; Line3 ; Line5 ; Line6,Aging ; Cell Packing ; Charge ; Degassing ; Formation ; IR ; IR/OCV ; Inspection ; OCV ; PPC ; Packing ; SVI ; VI,IR/OCV ; PLC ; PPC ; Pallet ; Rack ; SVI ; Tray,"[SKBA1] MES issue request 님과 카카오톡 대화 저장한 날짜 : 2023-11-14 22:47:53  --------------- 2023년 1월 30일 월요일 --------------- [samkoo/KO/KTL] [오전 2:49] @SKBA.MES.OP Z928375 2L Z928689 2L  V111901 3L Box id 누락되었습니다 정보 보정부탁드립니다 [SKBA.MES.OP] [오전 2:50] 네 운영자님께 전달 드리겠습니다. [samkoo/KO/KTL] [오전 4:29] @SKBA.MES.OP V111900 4L, Z928827 4L Box id 누락되었습니다 정보 보정부탁드립니다 [SKBA.MES.OP] [오전 4:30] 네 전달 드리겠습니다 [SK C&C/강동우/MES] [오전 9:23] Z928475 Z928689 V111901 V111900 Z928827 박스 아이디 보정 했습니다  [SK C&C/채 성민/MES] [오후 2:"
0020,3,,Formation,PLC,[MES Urgent Update Notice]  The MES update will take place between 14:30-14:50  1. Modified to occur 0020 Error when an ID with no information in the MES is read from the equipment (including HMCID and DMCID)
3017,3,Line6,IR ; OCV,Tray,"안녕하세요   해당 트레이 S03749는 11월 24일 생산된 Tray인데, 해당 타입의 충방전 공정이 12월 1일 변경되어 step 하나가 추가가되었습니다.   해당 표기 되고있는 충방전 값은 제일 마지막으로 진행된 충방전 값이라 결과 데이터는 있으나 마지막 스탭이아니여서 3017 error 발생하는 것으로 생각됩니다.  해당 트레이들 충방전 Step 재화성 진행을 해야할듯 합니다.  감사합니다"
0006,3,Line10 ; Line11 ; Line7 ; Line8,Aging ; Formation ; IR ; IR/OCV ; Inspection ; OCV ; Packing ; SVI ; VI,IR/OCV ; Pallet ; SVI ; Tray,@SKBA.MES.AE   안녕하세요  8라인 Packing Mes 0006 발생 하여 설비 정지 중 입니다 Cell ID G8081F7PP7317454  운영 로그 확인 시 패킹 StratReport 누락 확인 됩니다 긴급 확인 부탁 드립니다
S04614,3,,VI,Tray,Cell loader gripper1 data mismatch error Tray code: S04614 @A/kevinG/TeamLead
1650,2,,,,That is not a MES code. Equipment is sending message of the code 1650 which is an equipment alarm code.
E3002,2,,VI,Pallet,The following pallets have ERP-E3002 error in Module when they try to register to run.  Please advise. G5CP037CPE10002 G5CP037CPE10003 G5CP037CPE10004
0011,2,,Degassing ; Formation ; IR ; IR/OCV ; Inspection ; OCV ; VI,IR/OCV ; Tray,"@SKBA.MES.AE  RTA#2 입고 완료 후 MES error code 0011 발생 - MES error code 0011 : PRocess data of top/bottom Tray do not match  아래 Tray들의 경우 Degassing 언로더 배출 후 작업자의 개입이 없었던 Tray들입니다. MES 운영 Log 확인시 Degassing 에서 정상 배출 되었으나, Cell과 상이한 type & 공정으로 자동변경되어 RTA 입고 후 MES 에러 발생된 사례입니다.  현장에서 Cell 폐기 후 reformation 진행시 처리가능한 사례이나, 동일한 문제가 발생될수 있어 원인 확인하고자 내용 공유 드립니다.  ※ 아래 Tray들의 경우 MES "" view cell in tray""에서 Tray 조회시 ""Category ( cell qty )""가 Tray 내 실제 수량보다 많은 상태 였습니다.  ▶ RTA#2 입고 후 MES error 0011 발생 Tray List -"
E1059,2,,,Pallet,"@SKBA.MES.AE  Need to cancel ERP palletID G2CPE029DA005 to remove hold cell, but ERP-E1059 error."
4505,2,,VI,Pallet,4505 error occur when the cell is mapped with either boxid or palletbaseid
4570,2,,,,Error Code: 4570   G1029E25P2007710 G1029E1WP1104347 G1029E24P2013987 G1029E24P2017855 G1029E25P2007733 G1029E24P2007106 G1029E24P2009464 G1029E25P2007740
9001,2,Line1 ; Line20 ; Line3 ; Line5 ; Line6,Aging ; Cell Packing ; Charge ; Degassing ; Formation ; IR ; IR/OCV ; Inspection ; OCV ; PPC ; Packing ; SVI ; VI,IR/OCV ; PLC ; PPC ; Pallet ; Rack ; SVI ; Tray,We’re not receiving the reply of release order from the equipment which is causing 9001 error. Can anyone check?
0019,2,Line1 ; Line2 ; Line2-3 ; Line3 ; Line3-1 ; Line4 ; Line5 ; Line6,Aging ; Charge ; Degassing ; Discharge ; Formation ; IR ; Inspection ; OCV ; PPC ; Packing ; SVI ; VI,Cable ; Clip ; Conveyor ; PPC ; Pallet ; Rack ; SVI ; Sensor ; Tray,"[SKBA1] Entire Formation 님과 카카오톡 대화 저장한 날짜 : 2023-11-14 22:51:37  --------------- 2023년 5월 9일 화요일 --------------- [samkoo/gi/KTL] [오후 7:04] 삭제된 메시지입니다. [samkoo/gi/KTL] [오후 7:05] @Form(B)/Diamond/Supv Line5 Folding There is no delivery Please confirm.  [Form(B)/Diamond/Supv] [오후 7:08] We’re are currently running the rest of C221’s out of packing will purge packing then continue with C223s. Thank you.  [Samkoo/Junny/KTL] [오후 7:51] 삭제된 메시지입니다. [Samkoo/Junny/KTL] [오후 7:57] @SKBA/Trevis/Super"
0015,2,Line1 ; Line20 ; Line3 ; Line5 ; Line6,Aging ; Cell Packing ; Charge ; Degassing ; Formation ; IR ; IR/OCV ; Inspection ; OCV ; PPC ; Packing ; SVI ; VI,IR/OCV ; PLC ; PPC ; Pallet ; Rack ; SVI ; Tray,"[SKBA1] MES issue request 님과 카카오톡 대화 저장한 날짜 : 2023-11-14 22:47:53  --------------- 2023년 1월 30일 월요일 --------------- [samkoo/KO/KTL] [오전 2:49] @SKBA.MES.OP Z928375 2L Z928689 2L  V111901 3L Box id 누락되었습니다 정보 보정부탁드립니다 [SKBA.MES.OP] [오전 2:50] 네 운영자님께 전달 드리겠습니다. [samkoo/KO/KTL] [오전 4:29] @SKBA.MES.OP V111900 4L, Z928827 4L Box id 누락되었습니다 정보 보정부탁드립니다 [SKBA.MES.OP] [오전 4:30] 네 전달 드리겠습니다 [SK C&C/강동우/MES] [오전 9:23] Z928475 Z928689 V111901 V111900 Z928827 박스 아이디 보정 했습니다  [SK C&C/채 성민/MES] [오후 2:"
3503,2,Line1 ; Line20 ; Line3 ; Line4 ; Line5 ; Line6,Aging ; Cell Packing ; Charge ; Degassing ; Formation ; IR ; IR/OCV ; Inspection ; OCV ; PPC ; Packing ; SVI ; VI,IR/OCV ; PLC ; PPC ; Pallet ; Rack ; SVI ; Tray,"[SKBA1] MES issue request 님과 카카오톡 대화 저장한 날짜 : 2023-11-14 22:47:53  --------------- 2023년 1월 30일 월요일 --------------- [samkoo/KO/KTL] [오전 2:49] @SKBA.MES.OP Z928375 2L Z928689 2L  V111901 3L Box id 누락되었습니다 정보 보정부탁드립니다 [SKBA.MES.OP] [오전 2:50] 네 운영자님께 전달 드리겠습니다. [samkoo/KO/KTL] [오전 4:29] @SKBA.MES.OP V111900 4L, Z928827 4L Box id 누락되었습니다 정보 보정부탁드립니다 [SKBA.MES.OP] [오전 4:30] 네 전달 드리겠습니다 [SK C&C/강동우/MES] [오전 9:23] Z928475 Z928689 V111901 V111900 Z928827 박스 아이디 보정 했습니다  [SK C&C/채 성민/MES] [오후 2:"
4575,2,Line1 ; Line10 ; Line2 ; Line20 ; Line3 ; Line32 ; Line4 ; Line5 ; Line6,Aging ; Cell Packing ; Charge ; Degassing ; Formation ; IR ; IR/OCV ; Inspection ; OCV ; PPC ; Packing ; SVI ; VI,Cable ; IR/OCV ; Jig ; PLC ; PPC ; Pallet ; Rack ; SVI ; Tray,"[SKBA1] MES issue request 님과 카카오톡 대화 저장한 날짜 : 2023-11-14 22:47:53  --------------- 2023년 1월 30일 월요일 --------------- [samkoo/KO/KTL] [오전 2:49] @SKBA.MES.OP Z928375 2L Z928689 2L  V111901 3L Box id 누락되었습니다 정보 보정부탁드립니다 [SKBA.MES.OP] [오전 2:50] 네 운영자님께 전달 드리겠습니다. [samkoo/KO/KTL] [오전 4:29] @SKBA.MES.OP V111900 4L, Z928827 4L Box id 누락되었습니다 정보 보정부탁드립니다 [SKBA.MES.OP] [오전 4:30] 네 전달 드리겠습니다 [SK C&C/강동우/MES] [오전 9:23] Z928475 Z928689 V111901 V111900 Z928827 박스 아이디 보정 했습니다  [SK C&C/채 성민/MES] [오후 2:"
8912,2,Line12,Degassing,Pallet ; Rack ; Tray,"@SKBA.MES.AE  Ford Old Lot 재화성 후 충방으로 투입하려는 Tray가 Track16169 BCR구간에서 8912에러 발생되어 충방투입이 안되고 있습니다. 해당트레이는 SOC 28% 타입 재화성 트레이 이며, SOC 58% 재화성 타입은 충방 정상 투입 되고있습니다. 예시 Tray ID : L04571, L58139 확인가능 하실까요?"
4598,2,Line10 ; Line11 ; Line7 ; Line8 ; Line9,Aging ; IR ; Inspection ; Packing ; SVI ; VI,Barcode ; PLC ; Pallet ; Rack ; SVI ; Tray,"There was a 4598 Nack in the Mount report. Due to the above Nack, the field may have selected the NG code PM0Z manually, and because of that, the equipment returned an NG report. The reason why the 4598 error occurred is that any of the IR, CR, AN_TAP_POS, CA_TAP_POS values ​​uploaded in the CpmEqpCellStatusReport report is missing."
4568,2,Line10,Inspection ; Packing ; SVI ; VI,SVI,"@SKBA.MES.AE   Line10 R5A4 Type SVI NG#3,4번 관련 VI 확인 시 양품 Cell Rework 후 Packing 투입시 Mes Error 발생하여 문의드립니다.  MES Code : 4568 Ship Validation Out.:Step 6. SVI Data Missing  예시로 1Cell ID 공유드립니다. GA081F5MP5107929"
4522,2,,Aging ; Formation ; IR ; Packing,Pallet,@SKBA.MES.AE Good morning! We have a pallet base ID H043519 that has been reworked multiple times through the BPM. It shows in the MES-EQP Communication Log that there is no basic packaging information (MES error code 4522). Can you help us to figure out why this pallet will not complete BPM process?
4533,2,,Cell Packing ; Packing,Pallet,"Goodmorning, i have a MES issue at our Box Packing line. Code 4533: ""There are multiple number of boxes tied to the pallet"" I believe it's due to this cell: GC081FANPA101989  The base ID of the pallet is HG22A01"
0001,2,Line3,Degassing,Tray,0001 에러 발생하고 있나요
9104,2,Line1 ; Line3 ; Line4 ; Line5,Degassing ; IR ; Inspection ; PPC,PPC ; Pallet ; Rack ; Tray,"07/09 야간 공정 특이사항  ■ EOL 1. Line 3 폴딩 외측 Ca위치 Crack 발생으로 인한 점검 및 모니터링(19:50~20:58 68분)  → 원인: 사이징 롤러 폴딩Ca 하단부 간섭으로 Crack 발생  → 조치: 사이징 롤러 2.5mm 상승 조정후 1시간 보전측 모니터링 진행  2. Line4_Lane2 Stage#1 Vacuum Error 다수 발생(01:30~02:00 30분)  → 원인: Y축 볼스크류 구간 볼트 미체결로 유닛 흔들림 및 셀 틀어짐으로 인한 진공 에러 발생 추정  → 조치: 볼트 18개소 체결(Lane1,2), 가/감속 변경(100 → 500), Unload 티칭값 조정  ■ 물류 1. HTA2 Lane1 Lift 9104 에러 발생(18:12~20:28, 136분)  → 원인: Power Moller 케이블 단선 발생  → 조치: Power Moller, 컨트롤러 교체  2. HTA2 Lane2 Output Track#9157 Door Op"
0043,2,Line1 ; Line2 ; Line3 ; Line5 ; Line6,Aging ; IR ; IR/OCV ; OCV ; PPC ; Packing ; SVI ; VI,IR/OCV ; PPC ; Pallet ; SVI ; Tray,"08/20 주간 특이사항  ■ 현장 관리  1. EOL CPM NG#3, 4 Rework, Defect 삼구 진행  2. MES 폐기, 재화성, 재작업 이력 확인 후 현지 SPV 내용 공유 및 이력 작성 방법 교육 실시  → 각 shift 근무 시 확인 및 진행 요망  3. SVI NG#3, 4 VI master 검사 후 CPM Rework 미실시 상태로 재투입되어 Packing NG #3, 4 배출 확인  → SPV, VI master, Time Leader 각 shift 근무 시 확인 및 교육 진행 요망  4. AM/PM 05:00 Ins, CPM 재화성 여부확인 및 폐기 Cell 처리 여부 확인요망  ■ EOL  1. Line 1 EOL 재가동 (8/19 ~)  → R169 Type(Delta V 재화성) 설비 가동중  2. Line5 mes0043 Error Master spec Check by...OCV Delta V  → Rework 재투입 진행 (전일 MES 업데이트 과"
0000,2,Line10 ; Line7 ; Line8,Aging ; Degassing ; Inspection ; PPC ; VI,PPC ; Pallet ; Rack ; Sensor ; Tray,"2025.06.26 야간 특이사항  ■ 공정 특이사항 ⊙공통  1) Ford Empty Tray 부족으로 320H Hyundai Tray 교체 작업 진행 중 현재 약 300개 제작 완료 - Tay Eng    2) R2CL Type 반자동 출고 후 충방전 진행 중( 106Tray ) - Ivan Eng    3) Ford E805C 모듈 리턴 셀 재작업 요청 - Jason Eng [ 완료 ]  - 총 1,171Cell 리턴 완료시 재작업 후 현장 대기  → Cell list : Daily Report 7L E805C 25.06.26 업로드   4) Line7~12 MES Code 0000 MES T1 time out 현상 발생  - MES 네트워크 통신 순단 현상 발생  - MES 정상 복구 후 설비 내 정보 상이 Cell 유실 및 설비 원점 진행 후 정상 가동(01:55~3:00)  - 현지 ATT 회선문제로 통품감 시스템 알람 지속발생 중, 설비 이상여부 모니터링 필요  ⊙Lin"
6028,2,,,Pallet,"@Form / YC Choi / Eng  모듈 현장 내 Final Process OUT으로 되어있는 1단 Pallet BPM 재투입 진행하였으나 'pallet that have been warehouse can not be re-input' MES Code 6028 발생되었습니다  - Pallet 정보 Base ID : H146171 Pallet ID : G5CP081CPF40071  Base ID : H054972 Pallet ID : G6CP081CPF50983  Base ID : H060966 Pallet ID : G6CP081CPF60449  - Pallet 내 504 Cell 모두 양품이며, WMS 입고 처리되어 BPM 재투입 불가하오니 확인 부탁드립니다"
01427,2,Line5,Aging ; Formation,Tray,"@B/Latracie/SPV @B / Denarius / TL Unreleased all Hyundai r-types due to ORA-01427 error, causing logistics traffic issues and delays to FCH."
0035,1,,PPC,PPC ; Tray,안녕하세요 Mes 0035 : 에러관련 경로를 찾을수없다 현상 -> PPC에서 공트레이 수동출고 화면[mt0900]에서 출고시 발생됩니다 혹시 원인알수있을까요 (Tray 수동출고 안되는 현상) 운영로그 금일일자로 A16640 Tray 확인햐주시면 됩니다
E0854,1,Line1 ; Line2,IR ; VI,Pallet,"@SKBA.MES.AE  Page: MT3200 Pallet: G2CPE029E40002 Error code: E0854  When trying to confirm warehousing for this pallet, the error occurs. The pallet is made of line 1 and line 2 cells attempting to be sent to Module, please advise on this issue."
1500,1,Line1,Formation,Conveyor ; Tray,"@SKBA.MES.AE  From Assembly Line 1 Output conveyor BCR, trays are getting MES error code 1500.  Example Tray ID A36487, A17520  Showing 0 cells in tray data, but has 36 cells in actual tray, so I think Assembly is manually sending trays to Formation without data. Can you please check?"
0034,1,Line1 ; Line20 ; Line3 ; Line5 ; Line6,Aging ; Cell Packing ; Charge ; Degassing ; Formation ; IR ; IR/OCV ; Inspection ; OCV ; PPC ; Packing ; SVI ; VI,IR/OCV ; PLC ; PPC ; Pallet ; Rack ; SVI ; Tray,"[SKBA1] MES issue request 님과 카카오톡 대화 저장한 날짜 : 2023-11-14 22:47:53  --------------- 2023년 1월 30일 월요일 --------------- [samkoo/KO/KTL] [오전 2:49] @SKBA.MES.OP Z928375 2L Z928689 2L  V111901 3L Box id 누락되었습니다 정보 보정부탁드립니다 [SKBA.MES.OP] [오전 2:50] 네 운영자님께 전달 드리겠습니다. [samkoo/KO/KTL] [오전 4:29] @SKBA.MES.OP V111900 4L, Z928827 4L Box id 누락되었습니다 정보 보정부탁드립니다 [SKBA.MES.OP] [오전 4:30] 네 전달 드리겠습니다 [SK C&C/강동우/MES] [오전 9:23] Z928475 Z928689 V111901 V111900 Z928827 박스 아이디 보정 했습니다  [SK C&C/채 성민/MES] [오후 2:"
4585,1,Line1 ; Line20 ; Line3 ; Line5 ; Line6,Aging ; Cell Packing ; Charge ; Degassing ; Formation ; IR ; IR/OCV ; Inspection ; OCV ; PPC ; Packing ; SVI ; VI,IR/OCV ; PLC ; PPC ; Pallet ; Rack ; SVI ; Tray,"[SKBA1] MES issue request 님과 카카오톡 대화 저장한 날짜 : 2023-11-14 22:47:53  --------------- 2023년 1월 30일 월요일 --------------- [samkoo/KO/KTL] [오전 2:49] @SKBA.MES.OP Z928375 2L Z928689 2L  V111901 3L Box id 누락되었습니다 정보 보정부탁드립니다 [SKBA.MES.OP] [오전 2:50] 네 운영자님께 전달 드리겠습니다. [samkoo/KO/KTL] [오전 4:29] @SKBA.MES.OP V111900 4L, Z928827 4L Box id 누락되었습니다 정보 보정부탁드립니다 [SKBA.MES.OP] [오전 4:30] 네 전달 드리겠습니다 [SK C&C/강동우/MES] [오전 9:23] Z928475 Z928689 V111901 V111900 Z928827 박스 아이디 보정 했습니다  [SK C&C/채 성민/MES] [오후 2:"
0037,1,Line1 ; Line10 ; Line2 ; Line3 ; Line32 ; Line4 ; Line5,Aging ; Cell Packing ; Degassing ; Formation ; IR ; IR/OCV ; Inspection ; OCV ; PPC ; Packing ; SVI ; VI,Cable ; IR/OCV ; Jig ; PLC ; PPC ; Pallet ; Rack ; SVI ; Tray,"[SKBA 1동] 화성 이슈 공유방 55 님과 카카오톡 대화 저장한 날짜 : 2023년 5월 30일 오후 12:12   2022년 12월 1일 오전 10:09 2022년 12월 1일 오전 10:09, 삼구/김응준/공정님이 들어왔습니다. 운영정책을 위반한 메시지로 신고 접수 시 카카오톡 이용에 제한이 있을 수 있습니다. 운영정책 보기 2022년 12월 1일 오전 10:09, 방장봇 : 들어오시면 프로필 수정 바랍니다  회사 / 이름 / 직책(담당: 기구, 제어, 공정, 외관 등)  수정이 없을 시 강퇴처리 됩니다 2022년 12월 1일 오전 10:32, SKon/이정원/공정기술님이 나갔습니다. 2022년 12월 1일 오전 10:55, 삼구/권계욱/공정님이 들어왔습니다. 2022년 12월 1일 오전 10:55, 방장봇 : 들어오시면 프로필 수정 바랍니다  회사 / 이름 / 직책(담당: 기구, 제어, 공정, 외관 등)  수정이 없을 시 강퇴처리 됩니다 2022년 12월 1일"
4525,1,Line1 ; Line10 ; Line2 ; Line3 ; Line32 ; Line4 ; Line5,Aging ; Cell Packing ; Degassing ; Formation ; IR ; IR/OCV ; Inspection ; OCV ; PPC ; Packing ; SVI ; VI,Cable ; IR/OCV ; Jig ; PLC ; PPC ; Pallet ; Rack ; SVI ; Tray,"[SKBA 1동] 화성 이슈 공유방 55 님과 카카오톡 대화 저장한 날짜 : 2023년 5월 30일 오후 12:12   2022년 12월 1일 오전 10:09 2022년 12월 1일 오전 10:09, 삼구/김응준/공정님이 들어왔습니다. 운영정책을 위반한 메시지로 신고 접수 시 카카오톡 이용에 제한이 있을 수 있습니다. 운영정책 보기 2022년 12월 1일 오전 10:09, 방장봇 : 들어오시면 프로필 수정 바랍니다  회사 / 이름 / 직책(담당: 기구, 제어, 공정, 외관 등)  수정이 없을 시 강퇴처리 됩니다 2022년 12월 1일 오전 10:32, SKon/이정원/공정기술님이 나갔습니다. 2022년 12월 1일 오전 10:55, 삼구/권계욱/공정님이 들어왔습니다. 2022년 12월 1일 오전 10:55, 방장봇 : 들어오시면 프로필 수정 바랍니다  회사 / 이름 / 직책(담당: 기구, 제어, 공정, 외관 등)  수정이 없을 시 강퇴처리 됩니다 2022년 12월 1일"
4557,1,Line1 ; Line10 ; Line2 ; Line3 ; Line32 ; Line4 ; Line5,Aging ; Cell Packing ; Degassing ; Formation ; IR ; IR/OCV ; Inspection ; OCV ; PPC ; Packing ; SVI ; VI,Cable ; IR/OCV ; Jig ; PLC ; PPC ; Pallet ; Rack ; SVI ; Tray,"[SKBA 1동] 화성 이슈 공유방 55 님과 카카오톡 대화 저장한 날짜 : 2023년 5월 30일 오후 12:12   2022년 12월 1일 오전 10:09 2022년 12월 1일 오전 10:09, 삼구/김응준/공정님이 들어왔습니다. 운영정책을 위반한 메시지로 신고 접수 시 카카오톡 이용에 제한이 있을 수 있습니다. 운영정책 보기 2022년 12월 1일 오전 10:09, 방장봇 : 들어오시면 프로필 수정 바랍니다  회사 / 이름 / 직책(담당: 기구, 제어, 공정, 외관 등)  수정이 없을 시 강퇴처리 됩니다 2022년 12월 1일 오전 10:32, SKon/이정원/공정기술님이 나갔습니다. 2022년 12월 1일 오전 10:55, 삼구/권계욱/공정님이 들어왔습니다. 2022년 12월 1일 오전 10:55, 방장봇 : 들어오시면 프로필 수정 바랍니다  회사 / 이름 / 직책(담당: 기구, 제어, 공정, 외관 등)  수정이 없을 시 강퇴처리 됩니다 2022년 12월 1일"
4559,1,Line1 ; Line10 ; Line2 ; Line3 ; Line32 ; Line4 ; Line5,Aging ; Cell Packing ; Degassing ; Formation ; IR ; IR/OCV ; Inspection ; OCV ; PPC ; Packing ; SVI ; VI,Cable ; IR/OCV ; Jig ; PLC ; PPC ; Pallet ; Rack ; SVI ; Tray,"[SKBA 1동] 화성 이슈 공유방 55 님과 카카오톡 대화 저장한 날짜 : 2023년 5월 30일 오후 12:12   2022년 12월 1일 오전 10:09 2022년 12월 1일 오전 10:09, 삼구/김응준/공정님이 들어왔습니다. 운영정책을 위반한 메시지로 신고 접수 시 카카오톡 이용에 제한이 있을 수 있습니다. 운영정책 보기 2022년 12월 1일 오전 10:09, 방장봇 : 들어오시면 프로필 수정 바랍니다  회사 / 이름 / 직책(담당: 기구, 제어, 공정, 외관 등)  수정이 없을 시 강퇴처리 됩니다 2022년 12월 1일 오전 10:32, SKon/이정원/공정기술님이 나갔습니다. 2022년 12월 1일 오전 10:55, 삼구/권계욱/공정님이 들어왔습니다. 2022년 12월 1일 오전 10:55, 방장봇 : 들어오시면 프로필 수정 바랍니다  회사 / 이름 / 직책(담당: 기구, 제어, 공정, 외관 등)  수정이 없을 시 강퇴처리 됩니다 2022년 12월 1일"
6000,1,Line1 ; Line10 ; Line2 ; Line3 ; Line32 ; Line4 ; Line5,Aging ; Cell Packing ; Degassing ; Formation ; IR ; IR/OCV ; Inspection ; OCV ; PPC ; Packing ; SVI ; VI,Cable ; IR/OCV ; Jig ; PLC ; PPC ; Pallet ; Rack ; SVI ; Tray,"[SKBA 1동] 화성 이슈 공유방 55 님과 카카오톡 대화 저장한 날짜 : 2023년 5월 30일 오후 12:12   2022년 12월 1일 오전 10:09 2022년 12월 1일 오전 10:09, 삼구/김응준/공정님이 들어왔습니다. 운영정책을 위반한 메시지로 신고 접수 시 카카오톡 이용에 제한이 있을 수 있습니다. 운영정책 보기 2022년 12월 1일 오전 10:09, 방장봇 : 들어오시면 프로필 수정 바랍니다  회사 / 이름 / 직책(담당: 기구, 제어, 공정, 외관 등)  수정이 없을 시 강퇴처리 됩니다 2022년 12월 1일 오전 10:32, SKon/이정원/공정기술님이 나갔습니다. 2022년 12월 1일 오전 10:55, 삼구/권계욱/공정님이 들어왔습니다. 2022년 12월 1일 오전 10:55, 방장봇 : 들어오시면 프로필 수정 바랍니다  회사 / 이름 / 직책(담당: 기구, 제어, 공정, 외관 등)  수정이 없을 시 강퇴처리 됩니다 2022년 12월 1일"
1022,1,,Formation,Tray,Line - Formation Line Common  Equipment Cod - ECS #2 Representative Equipment  Tray ID - L01454  Log Date - 3/9/2025 11:52  Error Code : 1022 입니다
M938,1,,,Stacker,ERROR code : M938 Stacker :1321 LANE 2 1 FLOOR  CAUSE: occurs when there is an ECS TASK but stacker is not working  ACTION: restart stacker  Program debugging   This issue is persistent in RTA3.
4551,1,,Packing,Pallet,@SKBA.MES.AE   안녕하세요  12Line Packing 에서  Mes Error code 4551 발생 하였는데  운영 로그 확인시 H045062 Pallet Pos 08 01 23 위치에 Packing data 누락 확인되어 Cell Mount NG 로 배출 되었습니다  Pos 08 01 23 위치에 Cell Add in Pallet 사용 시도 했으나 Pallet 배출 이전이라 Box ID 미생성으로 불가 합니다  해당 셀 보고 없이 다음 단수로 넘어가 적재된 이유 알수 있을까요? 동일 에러 발생시 MES UI 처리 할 수 있는 방법도 문의 드립니다  에러 조치 되었고 설비 가동 중 이여서 운영자님께 전달 해주시면 감사하겠습니다
8902,1,,,,"네 8905, 8904, 8902 에러 발생중입니다"
8904,1,,,,"방금 통화 드렸었고 ECS 서버 및 클라이언트 동작 상태는 문제 없다고 내용 전달 받았습니다. 트레이를 ECS 상태서 다음 BCR로 보내도 8904 에러 재 발생후 멈추고, 그 바로 이전 트레이도 이전 BCR에서 동일 에러 발생하는 상황입니다."
4511,1,,,Pallet,Pallet ID : HFB8B88 Cell ID : GB081FASPA107751  Error code :  4511 ParentLotIdof the cell do not match with the one in the equipment
8999,1,,VI,Barcode ; Tray,"That data looks good, but when we send the tray to a barcode via ECS, it is giving a 8999 error. MES code 35… unsure what that is"
8905,1,Line12 ; Line9,Degassing ; SVI ; VI,SVI ; Sensor ; Tray,"2025.10.23  공정 야간 특이사항   ■ 공정특이사항  [공통]  1) 1,2F ECS서버 다운 현상 발생(23:20~00:45, 85분)  - S/C 및 Conver BCR구간 ECS상 Err Code 8905 및 에러 메세지 없음  - BCR 구간에 대기 중인 Tray 다른 BCR구간으로 보냈을 시 도착 후 Code 8905 발생하며 미 동작  - 해당 Code에 대해 ECS, MES 측 확인 불가  - 원인 파악 후 공유 예정   [Line9]  1) SVI LMS#1 AUTO COUPLER CYLINDER IN SENSOR ALARM(03:40~04:20, 40분)  - L/D, ULD LMS 리니어 모터 사이 Cell 낙하 및 협착  - LD1 CELL VACUUM ERROR, UN1 LMS VACUUM TIME OUT Err메세지(03:40분) 이력 확인 진공에러로 Cell 낙하됐으나 실물 확인없이 가동 및 협착된 것으로 추정  - 메인터너스 측 에서  밍글공유  "
8203,1,Line9,Formation ; IR,Pallet,"2026.01.17 주간 공정 특이사항  [공통]  1. 전체 물류 ECS BCR 구간  Error Code : 8203, 8913 발생 하여 작동 불가 ( 10:20 ~ 11:20 )  - ECS 서버 재부팅 후 물류 정상 작동하나  ECS Client 최신화 불가 현상 발생  - 12:30 이후 ECS Client 정상 표기 및 물류 정상 작동  ■ Engineer 요청 사항  1. IR Reformation Type ( R5AS, R5CS ) 2Pallet, Line9 CPM 투입 완료  2026년 1월 18일 일요일"
152,1,,,,5LINE  Cell Body Terrace Edge Right Top 21ea Spec 72.85-75.85 G5081F3TP3111216 Mes 333.32 실측73.00-가성 G5081F3TP3110999 Mes 334.3 실측72.86-진성근접 G5081F3TP3110993 Mes 725.06 실측73.13-가성 G5081F3TP3111408 Mes 152.79 실측72.68 -진성불량  실측 결과  가성. 진성 같이  나오고 있습니다 *Mes 측정값 오류 확인부탁드립니다
333,1,,,,5LINE  Cell Body Terrace Edge Right Top 21ea Spec 72.85-75.85 G5081F3TP3111216 Mes 333.32 실측73.00-가성 G5081F3TP3110999 Mes 334.3 실측72.86-진성근접 G5081F3TP3110993 Mes 725.06 실측73.13-가성 G5081F3TP3111408 Mes 152.79 실측72.68 -진성불량  실측 결과  가성. 진성 같이  나오고 있습니다 *Mes 측정값 오류 확인부탁드립니다
334,1,,,,5LINE  Cell Body Terrace Edge Right Top 21ea Spec 72.85-75.85 G5081F3TP3111216 Mes 333.32 실측73.00-가성 G5081F3TP3110999 Mes 334.3 실측72.86-진성근접 G5081F3TP3110993 Mes 725.06 실측73.13-가성 G5081F3TP3111408 Mes 152.79 실측72.68 -진성불량  실측 결과  가성. 진성 같이  나오고 있습니다 *Mes 측정값 오류 확인부탁드립니다
725,1,,,,5LINE  Cell Body Terrace Edge Right Top 21ea Spec 72.85-75.85 G5081F3TP3111216 Mes 333.32 실측73.00-가성 G5081F3TP3110999 Mes 334.3 실측72.86-진성근접 G5081F3TP3110993 Mes 725.06 실측73.13-가성 G5081F3TP3111408 Mes 152.79 실측72.68 -진성불량  실측 결과  가성. 진성 같이  나오고 있습니다 *Mes 측정값 오류 확인부탁드립니다
364,1,,,,@SKBA/ Jun/ Egr  3-2 Cell Width Cathode Pouch ~Anode Tab 20ea 발생  Spec 364.5~366.5  G3081F5WP5108264 Mes 364.09 실측365.15  G3081F5WP5109395 Mes 364.15 실측365.22  G3081F5WP5106148 Mes 365.23 실측365.07  G3081F5WP5106128 Mes 364.44 실측365.20  CheckTime19:05~19:14
365,1,,,,@SKBA/ Jun/ Egr  3-2 Cell Width Cathode Pouch ~Anode Tab 20ea 발생  Spec 364.5~366.5  G3081F5WP5108264 Mes 364.09 실측365.15  G3081F5WP5109395 Mes 364.15 실측365.22  G3081F5WP5106148 Mes 365.23 실측365.07  G3081F5WP5106128 Mes 364.44 실측365.20  CheckTime19:05~19:14
3501,1,,Inspection,,@SKBA/ Jun/ Egr @Form/Daeyun_Key/Engr  R530 Type 등급 셋팅이 안되어있어 Inspection  MES CODE: 3501  발생되고 있습니다. 확인  필요합니다.
8044,1,,Formation,,####Formation <Maintenance BM> ▪︎Date : 3/6/2025 ▪︎Line : RTA 3 ▪︎Process :  ▪︎Unit : 3-3-1 ▪︎Start Time : 3:30am ▪︎End Time :  ▪︎Issue : lifter 8044 error ▪︎Cause:  ▪︎Troubleshooting:
S04405,1,Line6,,Tray,EOL line 6  Tray force out mes   S04405
S05165,1,Line6,,Tray,EOL line 6  Tray force out mes   S05165
2151,1,,Formation,Tray,"#### < Maintenance BM > Formation ▪︎Date: 06/03/2025 ▪︎Line: RTA1 ▪︎Process: RTA1 ▪︎Unit: S/C 3-3F  ▪︎Start Time: 10:50 ▪︎End Time: 10:57 ▪︎Issue: lifter 2151 error  ▪︎Cause: tray not centered   ▪︎Troubleshooting:  - Centered tray  - Restarted process  메시지가 삭제되었습니다."
S24612,1,,,Tray,EOL 4 Tray Status1 code1 error Tray code: S24612  @B/SWIFT/LOGISTIC
S06497,1,,VI,Tray,Cell loader gripper1 data mismatch error Tray code: S06497  @A/kevinG/TeamLead
S12943,1,,VI,Sensor ; Tray,Grip-2 sensor check MESA data check msmatch  Tray code: S12943 @A/kevinG/TeamLead
S17273,1,,VI,Tray,Tray status code1 error Tray code: S17273  I had to force out that tray because we had a data error @A/kevinG/TeamLead
S10363,1,,,Tray,Line: 3 Tray: S10363  Error: tray mismatch error Trouble shoot: sent to 8393
12087,1,,VI,Pallet,@SKBA/Xong/Specialist  Base ID:HF9E014 Pallet ID: G5CP081CPF90190 Is giving a post Date error I tried to cancel ERP before I can change the date it  gave  me a 12087 Error can you help assist please and thank you
1207,1,,,,@SKBA/Xong/Specialist   HG27023 G6CP081CPG20155 Code: 1207
247,1,,Formation ; PPC,PPC,"####Formation <Maintenance BM> ▪︎Date : 01/21/25 ▪︎Line : 1 ▪︎Process : RTA1  ▪︎Sub-Process(PPC,DGS): 1-2F ▪︎Unit : SRC # 1-2F ▪︎Sub-Unit(PPC,DGS) :  ▪︎Start Time: 03:30 ▪︎End Time: 04:30 ▪︎issue:  Error Code 247 Extinguisher 수위 알람  ▪︎Cause : 워터 탱크 수위 센서 Fail 추정 ▪︎Troubleshooting:  SRC # 1-2F 화면 내 Water High 및  Water Low 동시 점등 상태 확인. Water 탱크 내 수위 센서 커넥터 재체결 후 알람 해지 불가 IO Box 내 Water High (X0F) 케이블 분리 후 알람 해지 및 S/C 정상 작동 수위 센서 재고 확인 및 교체 필요"
X1381,1,,Aging ; Formation,,#### Formation     <Maintenance BM>     - Date: 05/30/25     - Shift: A     - Line: 5     - Process: Packaging       - Start Time: 07:40     - End Time: 07:44  Issue :Aling out transfer 01 detected alarm X1381 error Cause  Why?:Align out doesn't move Why?:the data Mes cell doesn't match with the real position and it was defaced one step before. Why?:The vacuum # 2 turn off   Correct action  The transfer was moved the manual way and the data were moved according to physical cells and matched betw
639,1,Line1,Formation ; PPC,PPC ; Tray,🔹PPC total Output 12:00~13:00🔹  ♦️1L: 880 (timed trays)   ♦️2L: 0 (timed trays) ~cross production with line 1  ♦️3L: 320 (timed trays)          ♦️4L: 633 (timed trays)  ♦️5L: 1040   ♦️6L: 639  Error sending information from HPC to Main PP
2505,1,,Degassing,Tray,🔹Hourly report: Degassing Output 1100~1200  ♦️1L : 324 Issue: rear chamber6 piercing errors  ♦️2L : 0  ♦️3L : 216 Issue: timed trays  ♦️4L: 0 Issue: timed trays  ♦️5L : 900  ♦️6L : 720 Issue: precut shuttle uld stage not detect cell//mes code 2505
X1476,1,,Formation ; IR,Cable ; PLC ; Sensor,<Maintenance BM> ####### Formation  ▪︎Date : 09/16/25 ▪︎Lane : EOL 3-2 ▪︎Process: Folding  ▪︎Unit: Cell transfer#7 ▪︎Start Time: 07:30 ▪︎End Time: 08:30 ▪︎Cause : Sensor cable damaged ▪︎Troubleshooting:  ✅ Check I/O (PLC) ✔️ Confirmed X1476 error in the PLC ✔️ Removed all cells (TR#1-13) and checked for cable disconnection      - X1476(TR#7 detect sensor) ✅ Replaced sensor  ✔️Part no : OBT30-R3-E0-P  ✔️Q-code : Q2C1001509  -W/O Q2C1001509
V8446,1,,Aging ; Charge ; Degassing ; Formation,Conveyor ; Tray,"#### ECS Report Date: 10/25/2025 Time: 14:00 ECS system ✅️Aging rooms ✅Degassing ✅Folding ✅Conveyor -C/V8446 error ✅Press Pre Charge ✅️Formation Charge ✅️ Traywasher 1, 2"
4536,1,,SVI ; VI,PLC ; Pallet ; SVI ; Sensor ; Tray,"05/21 공정 주간조 EOL 특이사항  [1라인] • 불량 Cell 특이사항 - 특이사항 없음  • 설비 특이사항 # Taping - 현상 : Tape Position x1 Error 발생 - 원인 : Limit Sensor 위치 틀어짐 - 조치 : Limit Sensor 위치 2mm 조정 후 설비 가동 (13:25~13:45)  # SVI - 현상 : Middle P&P Time Over Error 발생 - 원인 : 캐리어 내 Cell 안착 후 PLC 미 신호 - 조치 : PLC 프로그램 보안 수정 (11:00~12:00)  • 작업자 특이사항 - 특이사항 없음  [2라인] • 불량 Cell 특이사항 - 특이사항 없음  • 설비 특이사항 - C119 (A Material) Type 투입 정지 > C199, C126 Type 혼재 투입되어 CPM MES NG 다수 발생 > MES Code 4536 Models Mix > C126 Type 투입 가동 (16:40~  # SVI > 손"
4569,1,,Aging,,[MES Update Notice]  The MES update will take place between 15:20~15:40  - 4569 Error: Modified to pass verification when hold is applied after entering cell packaging machine
4071,1,,Charge ; Formation ; VI,Tray,"@SK C&C/Doehoon/MES  @SKBA.MES.AE   5Line EOL Line Process: 90-degree Folding Loader Tray Input Section  Issue: When inserting Tray ID S05168, an MES error code 4071 occurs.  The tray is of P551 type.  The previous formation process was completed normally.  No type mixing was detected.   The error log indicates ""Step 9 charge defect"", but this formation type only exists up to Step 6.  Please investigate the issue and share the root cause."
04088,1,,Formation ; Packing ; VI,Pallet,Good morning  Last night BShift could not ship due to product warehouse issues on logistics end. When packing line Operator was trying Cancel WHS and ERP (Formation tab ERP and Warehousing) it’s giving 3 error  1) ORA-01013 user requested cancel operation 2. ORA-04088 Error during Execution of trigger SKIWMS. TR_Cell_WMS Receipt material cancel 3.Lock out by user error   I will keep you updated on situation however the pallets do seem to warehouse on logistics end slowly threw out the day and we
4550,1,,,,"*Mes기준 - 1단 1행 data 보고 안된채 Field에서 1단 2행부터 mount 보고 시작하여 ng code 4550 nack 보냄 *Field기준 - 1단 1,2행 정상 mount보고 후  ack 정상 받음. 2단 1행부터 ng code 4550 nack 받음"
4523,1,,,,"Sorry for interrupting, but how do we solve 4523 error?"
T05234,1,,,Tray,"MES team,  Tray ID: T05234  Error: ""invalid format"" when registering tray.   Can the team assist on how to handle this issue?"
3004,1,,Charge ; Discharge,Tray,"Currently at Charging/Discharging Equipment 030510 (MES Location: 06-05-10), after initializing the FCH stage, I issued a manual discharge command for tray S10456, but the same 3004 error (""Tray data equipment and MRS do not match"") continues to occur.  Is there any way to resolve this error? Or should I proceed with manual handling/discharge instead?"
5002,1,,Packing,Pallet,"There are pallets have same issue that Junbeom shared on 3/30 which are 4522,5002 error codes of Box Packing Machine.   [4522] H010160  [5002] H008228 H008540 H009773 H008237  I tried to find any solution by seaching history of this chat room but couldn’t find.  Last time, Admin fixed it.  Would you make me know how to fix by ourside?"
E1054,1,,,,Is ERP-E1054 error code?
S21037,1,,,,@SK C&C/Jeonghun/MES   S21037 S19879  FCH 2Lane BCr 을 읽었으나 입고 명령을 받지 못하는 문제 발생중입니다.   운영로그 조회 시 9001 을 받으며 메세지는 다음과 같습니다  failed to send request message received message in null  해당 트레이외에 문제가 연속으로 발생되는데 확인 부탁드립니다.
2500,1,,,,Does error code 2500 occur?
3617,1,,,,@SKBA.MES.AE  What is MES code 3617 for?
